STT,Lat1,Lon1,Land_Cost,Unit
1,10.7816415,106.6975222,325000000,Quận một
2,10.7744331,106.7051053,810000000,Quận một
3,10.7880351,106.7035736,244000000,Quận một
4,10.780708,106.696457,307000000,Quận một
5,10.7766297,106.7039912,579500000,Quận một
6,10.7815654,106.7000672,550000000,Quận một
7,10.7733159,106.6932644,286000000,Quận một
8,10.7653317,106.693287,380000000,Quận một
9,10.7624427,106.6953623,184000000,Quận một
10,10.7599255,106.6920225,156000000,Quận một
11,10.7891193,106.6999228,330000000,Quận một
12,10.785919,106.6984544,297000000,Quận một
13,10.7912056,106.7010514,244000000,Quận một
14,10.7643018,106.6917231,293500000,Quận một
15,10.766692,106.6877655,290500000,Quận một
16,10.7658902,106.7005239,184000000,Quận một
17,10.7915832,106.6924717,127000000,Quận một
18,10.7942896,106.6894868,160000000,Quận một
19,10.8064887,106.7339209,95000000,TP Thủ Đức
20,10.7823125,106.7693125,70900000,TP Thủ Đức
21,10.7799375,106.6945625,420000000,Quận 3
22,10.7794875,106.6880269,320000000,Quận 3
23,10.7776399,106.6905255,370000000,Quận 3
24,10.7721859,106.6828996,330000000,Quận 3
25,10.7808803,106.6830296,240000000,Quận 3
26,10.7860049,106.6667204,227000000,Quận 3
27,10.7857855,106.6673794,227000000,Quận 3
28,10.753726,106.695512,185300000,Quận 4
29,10.7528707,106.6950097,128800000,Quận 4
30,10.755355,106.697594,189800000,Quận 4
31,10.761607,106.7096661,288200000,Quận 4
32,10.7634901,106.708503,322100000,Quận 4
33,10.7594128,106.7104854,232800000,Quận 4
34,10.7561853,106.6849879,327700000,Quận 5
35,10.7507684,106.6677408,205500000,Quận 5
36,10.7578583,106.6696293,221100000,Quận 5
37,10.7421375,106.7198594,85000000,Quận 7
38,10.7434136,106.6936392,100000000,Quận 7
39,10.7405183,106.6984717,180000000,Quận 7
40,10.7293036,106.73215,117000000,Quận 7
41,10.7433988,106.7312498,90000000,Quận 7
42,10.7395435,106.6779713,92000000,Quận 8
43,10.7355839,106.6806243,92000000,Quận 8
44,10.736024,106.6777391,92000000,Quận 8
45,10.7410496,106.6641434,123000000,Quận 8
46,10.736473,106.6715647,110000000,Quận 8
47,10.745388,106.6649497,100000000,Quận 8
48,10.8440713,106.7806218,153000000,TP Thủ Đức
49,10.8242995,106.7639153,69000000,TP Thủ Đức
50,10.8334375,106.7848125,70000000,TP Thủ Đức
51,10.8663782,106.810014,62000000,TP Thủ Đức
52,10.846406,106.8125258,59000000,TP Thủ Đức
53,10.7600344,106.6614982,130600000,Quận 10
54,10.7746961,106.6753244,196500000,Quận 10
55,10.7690361,106.6664552,245600000,Quận 10
56,10.766627,106.6593453,221000000,Quận 10
57,10.7722177,106.6638098,194300000,Quận 10
58,10.7673742,106.6435449,120000000,Quận 11
59,10.7629255,106.6511555,170000000,Quận 11
60,10.8364149,106.6273131,46800000,Quận 12
61,10.8474153,106.6132329,10000000,Quận 12
62,10.7998784,106.6947423,205000000,Quận Bình Thạnh
63,10.8134247,106.7003489,168000000,Quận Bình Thạnh
64,10.7978284,106.7041058,222000000,Quận Bình Thạnh
65,10.8157989,106.7179884,65000000,Quận Bình Thạnh
66,10.7946863,106.6958035,205000000,Quận Bình Thạnh
67,10.8131176,106.7124416,168000000,Quận Bình Thạnh
68,10.8192283,106.7244978,72000000,Quận Bình Thạnh
69,10.8403375,106.6830588,120300000,Quận Gò Vấp
70,10.8389824,106.6682728,120300000,Quận Gò Vấp
71,10.8277596,106.687085,110600000,Quận Gò Vấp
72,10.8205124,106.6832161,91000000,Quận Gò Vấp
73,10.8416318,106.6344705,84000000,Quận Gò Vấp
74,10.8539627,106.6574423,84000000,Quận Gò Vấp
75,10.8116783,106.6765098,142100000,Quận Phú Nhuận
76,10.8131875,106.6759375,131600000,Quận Gò Vấp
77,10.8431557,106.6656483,86000000,Quận Gò Vấp
78,10.7999339,106.6348611,76000000,Quận Tân Phú
79,10.7943353,106.616655,110000000,Quận Tân Phú
80,10.8018384,106.6251527,104000000,Quận Tân Phú
81,10.8118829,106.6289167,94000000,Quận Tân Phú
82,10.8062584,106.617825,90000000,Quận Tân Phú
83,10.8051172,106.6231858,95000000,Quận Tân Phú
84,10.7485488,106.5830066,112000000,Quận Bình Tân
85,10.7456468,106.6224725,53700000,Quận Bình Tân
86,10.7173858,106.6138758,73200000,Quận Bình Tân
87,10.7374375,106.6143125,129800000,Quận Bình Tân
88,10.7674304,106.6182268,65900000,Quận Bình Tân
89,10.774995,106.5858982,42000000,Quận Bình Tân
90,10.7667984,106.7010399,184000000,Quận một
91,10.8083875,106.6639219,336600000,Quận Tân Bình
92,10.7762034,106.6505567,216800000,Quận Tân Bình
93,10.7815479,106.6535709,112200000,Quận Tân Bình
94,10.8019398,106.7340895,136000000,TP Thủ Đức
95,10.8022817,106.7327843,88000000,TP Thủ Đức
96,10.8090283,106.7324464,149000000,TP Thủ Đức
97,10.8150099,106.7303941,149000000,TP Thủ Đức
98,10.8084999,106.7330097,149000000,TP Thủ Đức
99,10.8085007,106.7330088,149000000,TP Thủ Đức
100,10.8085014,106.7330081,149000000,TP Thủ Đức
101,10.8072453,106.7310888,136000000,TP Thủ Đức
102,10.8017836,106.7393363,72000000,TP Thủ Đức
103,10.8048693,106.743644,51000000,TP Thủ Đức
104,10.7835112,106.7486233,36000000,TP Thủ Đức
105,10.8043499,106.7472609,123000000,TP Thủ Đức
106,10.8085008,106.7330088,149000000,TP Thủ Đức
107,10.7900625,106.7551875,81700000,TP Thủ Đức
108,10.7857254,106.756771,81700000,TP Thủ Đức
109,10.7915625,106.7601875,102000000,TP Thủ Đức
110,10.7925625,106.7620625,102000000,TP Thủ Đức
111,10.8085007,106.7330089,149000000,TP Thủ Đức
112,10.8029745,106.7635288,70000000,TP Thủ Đức
113,10.8012802,106.73776,72000000,TP Thủ Đức
114,10.8036411,106.7486049,72000000,TP Thủ Đức
115,10.8011506,106.7381039,72000000,TP Thủ Đức
116,10.7854373,106.7302062,149000000,TP Thủ Đức
117,10.7916495,106.7403727,61000000,TP Thủ Đức
118,10.7874756,106.7410541,90000000,TP Thủ Đức
119,10.8004335,106.7400041,102000000,TP Thủ Đức
120,10.7993125,106.7506875,98000000,TP Thủ Đức
121,10.8018536,106.7493055,76000000,TP Thủ Đức
122,10.7971282,106.7503393,163000000,TP Thủ Đức
123,10.7981375,106.7431406,44000000,TP Thủ Đức
124,10.7973271,106.7510353,163000000,TP Thủ Đức
125,10.7833529,106.7292615,149000000,TP Thủ Đức
126,10.7952716,106.7368019,91000000,TP Thủ Đức
127,10.7664375,106.7168125,295000000,TP Thủ Đức
128,10.7851119,106.7316745,90000000,TP Thủ Đức
129,10.7877338,106.7348323,149000000,TP Thủ Đức
130,10.7850508,106.730271,149000000,TP Thủ Đức
131,10.7749211,106.7269032,163000000,TP Thủ Đức
132,10.782072,106.7196984,295000000,TP Thủ Đức
133,10.7770559,106.7132932,295000000,TP Thủ Đức
134,10.7685805,106.7126926,163000000,TP Thủ Đức
135,10.7708162,106.7157135,163000000,TP Thủ Đức
136,10.7764736,106.7251455,68000000,TP Thủ Đức
137,10.7709917,106.7242868,295000000,TP Thủ Đức
138,10.7686432,106.7264125,149000000,TP Thủ Đức
139,10.7787522,106.746685,96000000,TP Thủ Đức
140,10.7868804,106.7627963,81700000,TP Thủ Đức
141,10.7886353,106.765623,81700000,TP Thủ Đức
142,10.7897861,106.7686383,81700000,TP Thủ Đức
143,10.7725301,106.7260411,163000000,TP Thủ Đức
144,10.7844627,106.7603239,81700000,TP Thủ Đức
145,10.7887033,106.7707404,81700000,TP Thủ Đức
146,10.7910562,106.7760618,75000000,TP Thủ Đức
147,10.7911425,106.7782325,79000000,TP Thủ Đức
148,10.7768194,106.7509183,62000000,TP Thủ Đức
149,10.7786299,106.753896,96000000,TP Thủ Đức
150,10.7774711,106.7548638,96000000,TP Thủ Đức
151,10.7769192,106.7575179,96000000,TP Thủ Đức
152,10.7924766,106.7803461,84000000,TP Thủ Đức
153,10.7723378,106.7628928,96000000,TP Thủ Đức
154,10.7621031,106.7588528,78000000,TP Thủ Đức
155,10.7749524,106.760846,81700000,TP Thủ Đức
156,10.7717636,106.7714194,96000000,TP Thủ Đức
157,10.7680231,106.7723331,70000000,TP Thủ Đức
158,10.7737465,106.7701032,81700000,TP Thủ Đức
159,10.7668568,106.7861809,49900000,TP Thủ Đức
160,10.7705492,106.78554,46000000,TP Thủ Đức
161,10.842034,106.7698288,72000000,TP Thủ Đức
162,10.8437604,106.7716366,80000000,TP Thủ Đức
163,10.8677847,106.8137769,69000000,TP Thủ Đức
164,10.8411067,106.8394478,163000000,TP Thủ Đức
165,10.8441875,106.8379375,163000000,TP Thủ Đức
166,10.8411875,106.8370625,69900000,TP Thủ Đức
167,10.7953125,106.7845625,76000000,TP Thủ Đức
168,10.7977284,106.784594,70000000,TP Thủ Đức
169,10.8251187,106.7207455,50000000,TP Thủ Đức
170,10.7853925,106.7763668,79000000,TP Thủ Đức
171,10.7459617,106.6181662,90000000,TP Thủ Đức
172,10.7988406,106.6690836,336600000,Quận Tân Bình
173,10.8049008,106.7968126,70000000,TP Thủ Đức
174,10.8016022,106.7942758,70000000,TP Thủ Đức
175,10.7979306,106.7921555,81700000,TP Thủ Đức
176,10.7868232,106.8016498,56000000,TP Thủ Đức
177,10.8156852,106.7695486,62000000,TP Thủ Đức
178,10.8200511,106.7620183,38800000,TP Thủ Đức
179,10.8274819,106.7637383,69000000,TP Thủ Đức
180,10.8313993,106.7646995,72000000,TP Thủ Đức
181,10.8310844,106.7750035,68000000,TP Thủ Đức
182,10.8286595,106.7743457,90000000,TP Thủ Đức
183,10.8391385,106.7700022,72000000,TP Thủ Đức
184,10.816325,106.7786924,56000000,TP Thủ Đức
185,10.8074374,106.7778806,81700000,TP Thủ Đức
186,10.8339066,106.7531619,163000000,TP Thủ Đức
187,10.8066188,106.7891761,70000000,TP Thủ Đức
188,10.8128147,106.7849449,163000000,TP Thủ Đức
189,10.8204837,106.7788366,70000000,TP Thủ Đức
190,10.8111464,106.7859178,163000000,TP Thủ Đức
191,10.8241228,106.7711003,81700000,TP Thủ Đức
192,10.8516822,106.7946386,85000000,TP Thủ Đức
193,10.8140625,106.8286875,70000000,TP Thủ Đức
194,10.8638633,106.8101424,56000000,TP Thủ Đức
195,10.8439942,106.7626205,80000000,TP Thủ Đức
196,10.8637598,106.7347406,79000000,TP Thủ Đức
197,10.8494094,106.7537055,45800000,TP Thủ Đức
198,10.8670131,106.7378441,80000000,TP Thủ Đức
199,10.8246622,106.717276,54000000,TP Thủ Đức
200,10.8379926,106.7301115,50000000,TP Thủ Đức
201,10.8260603,106.723013,95000000,TP Thủ Đức
202,10.8259017,106.7292192,36000000,TP Thủ Đức
203,10.8240064,106.7195821,62000000,TP Thủ Đức
204,10.8233625,106.7207656,88000000,TP Thủ Đức
205,10.8607039,106.7794062,38000000,TP Thủ Đức
206,10.8607626,106.7800115,81000000,TP Thủ Đức
207,10.8735011,106.7630697,64000000,TP Thủ Đức
208,10.862941,106.7592541,163000000,TP Thủ Đức
209,10.8646577,106.7592607,87000000,TP Thủ Đức
210,10.8877681,106.7231444,90000000,TP Thủ Đức
211,10.8752894,106.748583,64000000,TP Thủ Đức
212,10.8772594,106.7229542,45000000,TP Thủ Đức
213,10.8363086,106.755647,45400000,TP Thủ Đức
214,10.8372731,106.7632813,90000000,TP Thủ Đức
215,10.8469554,106.7543798,76000000,TP Thủ Đức
216,10.8404825,106.7538624,45000000,TP Thủ Đức
217,10.8671528,106.7379845,80000000,TP Thủ Đức
218,10.8598629,106.738899,60000000,TP Thủ Đức
219,10.8609381,106.738714,60000000,TP Thủ Đức
220,10.8338793,106.7617638,44000000,TP Thủ Đức
221,10.7931669,106.7393566,98000000,TP Thủ Đức
222,10.7689024,106.7863722,56000000,TP Thủ Đức
223,10.7670802,106.7787194,81700000,TP Thủ Đức
224,10.7689458,106.7895824,58000000,TP Thủ Đức
225,10.8165467,106.7875467,163000000,TP Thủ Đức
226,10.7874223,106.7649354,81700000,TP Thủ Đức
227,10.801913,106.764748,75000000,TP Thủ Đức
228,10.7907461,106.7471632,149000000,TP Thủ Đức
229,10.8244236,106.8001109,163000000,TP Thủ Đức
230,10.8035198,106.7983857,70000000,TP Thủ Đức
231,10.7994878,106.7926046,81700000,TP Thủ Đức
232,10.7771512,106.755165,96000000,TP Thủ Đức
233,10.7977712,106.8012009,56000000,TP Thủ Đức
234,10.7847389,106.7904131,70000000,TP Thủ Đức
235,10.8156567,106.7837636,163000000,TP Thủ Đức
236,10.8084103,106.8008051,56000000,TP Thủ Đức
237,10.7866952,106.8065155,52000000,TP Thủ Đức
238,10.8442538,106.7400236,44000000,TP Thủ Đức
239,10.8427238,106.7093918,88000000,TP Thủ Đức
240,10.8704375,106.7175625,88000000,TP Thủ Đức
241,10.8394441,106.7624528,44000000,TP Thủ Đức
242,10.8080625,106.7936875,70000000,TP Thủ Đức
243,10.789415,106.7548751,81700000,TP Thủ Đức
244,10.7967218,106.7449223,98000000,TP Thủ Đức
245,10.6987425,106.6093284,90000000,TP Thủ Đức
246,10.8015082,106.7946428,163000000,TP Thủ Đức
247,10.8579592,106.775565,163000000,TP Thủ Đức
248,10.8151299,106.7781204,81700000,TP Thủ Đức
249,10.7767464,106.7572866,96000000,TP Thủ Đức
250,10.7711125,106.7862969,46000000,TP Thủ Đức
251,10.8740375,106.6739844,60200000,Quận 12
252,10.7915217,106.6880446,193500000,Quận một
253,10.7937869,106.6864603,132000000,Quận một
254,10.7876074,106.698745,330000000,Quận một
255,10.786924,106.711273,528000000,Quận một
256,10.7687916,106.6971722,242000000,Quận một
257,10.7770591,106.7065429,528000000,Quận một
258,10.7789834,106.7071898,528000000,Quận một
259,10.7783124,106.7041839,286000000,Quận một
260,10.7781321,106.7018932,579500000,Quận một
261,10.7796631,106.6955005,385000000,Quận một
262,10.7759082,106.7006517,550000000,Quận một
263,10.7802242,106.6957904,348000000,Quận một
264,10.7689617,106.6970826,283500000,Quận một
265,10.7706218,106.6990993,256000000,Quận một
266,10.7829214,106.692345,420000000,Quận 3
267,10.7763,106.6885908,240000000,Quận 3
268,10.7684037,106.6936397,182500000,Quận một
269,10.7784059,106.6901339,330000000,Quận 3
270,10.7821609,106.6966866,380000000,Quận 3
271,10.7874767,106.6852371,280000000,Quận 3
272,10.7813668,106.6892362,330000000,Quận 3
273,10.7863377,106.6756545,210000000,Quận 3
274,10.7884668,106.6761484,260000000,Quận 3
275,10.7805796,106.6789248,217000000,Quận 3
276,10.7835832,106.6825035,290000000,Quận 3
277,10.7835626,106.682545,290000000,Quận 3
278,10.7550862,106.6900213,202300000,Quận 4
279,10.7549049,106.6920479,128800000,Quận 4
280,10.7624926,106.7026681,203400000,Quận 4
281,10.7550937,106.718353,232800000,Quận 4
282,10.7660519,106.7027534,271200000,Quận 4
283,10.7532619,106.6954429,185300000,Quận 4
284,10.7665501,106.7034238,271200000,Quận 4
285,10.758002,106.6940321,271200000,Quận 4
286,10.7497136,106.6744841,205500000,Quận 5
287,10.7594661,106.6672206,196000000,Quận 5
288,10.7545639,106.6562754,237800000,Quận 5
289,10.7562856,106.6564091,172000000,Quận 5
290,10.7532821,106.6838729,167500000,Quận 5
291,10.7529853,106.6547702,270200000,Quận 5
292,10.7531244,106.6644546,225600000,Quận 5
293,10.7561573,106.6646141,237800000,Quận 5
294,10.7534287,106.6802478,184200000,Quận 5
295,10.7457106,106.6382636,115800000,Quận 6
296,10.7501892,106.6366154,128700000,Quận 6
297,10.7538587,106.6446253,165000000,Quận 6
298,10.7397581,106.6278361,112000000,Quận 6
299,10.7395331,106.6266647,108000000,Quận 6
300,10.7593152,106.6256087,103500000,Quận 6
301,10.7491374,106.6531464,123500000,Quận 6
302,10.7458058,106.6263111,126000000,Quận 6
303,10.7463022,106.6377599,158000000,Quận 6
304,10.7479052,106.6501083,115600000,Quận 6
305,10.7437585,106.6261601,85000000,Quận 6
306,10.7396078,106.629519,117000000,Quận 6
307,10.7374463,106.7203525,180000000,Quận 7
308,10.7318125,106.7291875,45200000,Quận 7
309,10.7384977,106.7006494,110000000,Quận 7
310,10.7355655,106.6955453,70000000,Quận 7
311,10.7432388,106.7362812,90000000,Quận 7
312,10.7159547,106.7398997,75000000,Quận 7
313,10.7386152,106.7295631,127000000,Quận 7
314,10.7474206,106.7229941,140000000,Quận 7
315,10.7355164,106.7376312,80000000,Quận 7
316,10.7497169,106.7111197,70000000,Quận 7
317,10.7291762,106.7267712,222000000,Quận 7
318,10.7339455,106.718043,190000000,Quận 7
319,10.7315617,106.712517,195000000,Quận 7
320,10.7990898,106.7352656,163000000,TP Thủ Đức
321,10.7160218,106.7291562,210000000,Quận 7
322,10.7329755,106.7378386,70000000,Quận 7
323,10.714003,106.7398313,70000000,Quận 7
324,10.7379453,106.7415257,85000000,Quận 7
325,10.7459194,106.7125121,180000000,Quận 7
326,10.7246884,106.7078747,190000000,Quận 7
327,10.7221958,106.7257872,210000000,Quận 7
328,10.7134558,106.7318029,54500000,Quận 7
329,10.7455875,106.6550128,112000000,Quận 8
330,10.732681,106.652846,87000000,Quận 8
331,10.7340502,106.6534626,87000000,Quận 8
332,10.7328225,106.6443176,92000000,Quận 8
333,10.7944343,106.7810919,81700000,TP Thủ Đức
334,10.7440359,106.6521161,112000000,Quận 8
335,10.7379246,106.6549382,81000000,Quận 8
336,10.7380999,106.668433,74000000,Quận 8
337,10.7148694,106.6410855,73000000,Quận 8
338,10.7371683,106.6699552,112000000,Quận 8
339,10.73616,106.6684699,140000000,Quận 8
340,10.7711384,106.6733844,270200000,Quận 10
341,10.7827702,106.6717205,202900000,Quận 10
342,10.7676755,106.6597567,221000000,Quận 10
343,10.7724555,106.6648811,194300000,Quận 10
344,10.7692388,106.6660626,194300000,Quận 10
345,10.7628807,106.6610445,147400000,Quận 10
346,10.7739642,106.6477014,120000000,Quận 11
347,10.7660019,106.6427647,120000000,Quận 11
348,10.7617045,106.660033,260000000,Quận 11
349,10.7669801,106.6441154,162600000,Quận 11
350,10.7633206,106.6568198,221000000,Quận 11
351,10.7711949,106.6526136,260000000,Quận 11
352,10.7632631,106.6579999,221000000,Quận 11
353,10.763596,106.6418318,120000000,Quận 11
354,10.7685329,106.6506599,160000000,Quận 11
355,10.7791522,106.7000103,60200000,Quận 12
356,10.8786875,106.6490625,60300000,Quận 12
357,10.8806945,106.6490952,41600000,Quận 12
358,10.8719831,106.6578842,72600000,Quận 12
359,10.8608374,106.6541922,16100000,Quận 12
360,10.8723625,106.6579219,56700000,Quận 12
361,10.8759661,106.6297453,32600000,Quận 12
362,10.8740551,106.6309377,49500000,Quận 12
363,10.8582918,106.6308586,49000000,Quận 12
364,10.85966,106.6172412,71500000,Quận 12
365,10.8557791,106.6784937,48200000,Quận 12
366,10.8700763,106.6835165,48200000,Quận 12
367,10.8312276,106.6209334,126300000,Quận 12
368,10.7798625,106.7237031,295000000,TP Thủ Đức
369,10.8245275,106.620233,56200000,Quận 12
370,10.8227198,106.6179845,23100000,Quận 12
371,10.83155,106.6118,103900000,Quận 12
372,10.8308652,106.6108324,103900000,Quận 12
373,10.8300321,106.6184812,103900000,Quận 12
374,10.8244618,106.6108027,75000000,Quận 12
375,10.8227351,106.6178794,23100000,Quận 12
376,10.8474969,106.6214361,16100000,Quận 12
377,10.8425226,106.624946,14600000,Quận 12
378,10.8433741,106.6255459,14600000,Quận 12
379,10.850079,106.6961075,33300000,Quận 12
380,10.8710428,106.6145978,71500000,Quận 12
381,10.8311481,106.6209471,126300000,Quận 12
382,10.8609666,106.6541892,16100000,Quận 12
383,10.8259899,106.6247908,54100000,Quận 12
384,10.810164,106.6779042,174300000,Quận Phú Nhuận
385,10.8094816,106.6719917,144000000,Quận Phú Nhuận
386,10.8097417,106.673989,142100000,Quận Phú Nhuận
387,10.8118082,106.6697054,172100000,Quận Tân Bình
388,10.8054963,106.6853663,134400000,Quận Phú Nhuận
389,10.7982149,106.6725274,154700000,Quận Phú Nhuận
390,10.7966292,106.6734626,336000000,Quận Phú Nhuận
391,10.7989499,106.682925,246400000,Quận Phú Nhuận
392,10.8060348,106.6867725,142800000,Quận Bình Thạnh
393,10.8083802,106.6853548,160000000,Quận Bình Thạnh
394,10.8201375,106.7033906,157000000,Quận Bình Thạnh
395,10.821567,106.701137,205000000,Quận Bình Thạnh
396,10.8219541,106.7060091,161000000,Quận Bình Thạnh
397,10.7895444,106.7178332,81000000,Quận Bình Thạnh
398,10.7932912,106.7174745,126000000,Quận Bình Thạnh
399,10.7988868,106.7172395,222000000,Quận Bình Thạnh
400,10.7909873,106.7184276,205000000,Quận Bình Thạnh
401,10.8097962,106.7120961,160000000,Quận Bình Thạnh
402,10.8119403,106.7120126,128000000,Quận Bình Thạnh
403,10.8166414,106.7070171,142800000,Quận Bình Thạnh
404,10.8165728,106.7059622,128000000,Quận Bình Thạnh
405,10.8154898,106.7070632,140000000,Quận Bình Thạnh
406,10.8125998,106.7158392,187000000,Quận Bình Thạnh
407,10.8067358,106.7145559,175000000,Quận Bình Thạnh
408,10.8007453,106.7173538,222000000,Quận Bình Thạnh
409,10.8017221,106.7133041,222000000,Quận Bình Thạnh
410,10.8069347,106.716118,102000000,Quận Bình Thạnh
411,10.8026899,106.7213331,175000000,Quận Bình Thạnh
412,10.7924672,106.6827486,149000000,Quận Bình Thạnh
413,10.7970922,106.7064704,149000000,Quận Bình Thạnh
414,10.7984757,106.7131913,137000000,Quận Bình Thạnh
415,10.7941807,106.7116346,140000000,Quận Bình Thạnh
416,10.7973609,106.6920327,65000000,Quận Bình Thạnh
417,10.7998186,106.7010903,149000000,Quận Bình Thạnh
418,10.8163092,106.7008019,157000000,Quận Bình Thạnh
419,10.8105825,106.7026868,131000000,Quận Bình Thạnh
420,10.7911693,106.7110553,72000000,Quận Bình Thạnh
421,10.789077,106.7083991,140000000,Quận Bình Thạnh
422,10.8050533,106.6995542,160000000,Quận Bình Thạnh
423,10.8161202,106.7201342,134000000,Quận Bình Thạnh
424,10.809516,106.6915269,157000000,Quận Bình Thạnh
425,10.8180835,106.6912357,77000000,Quận Gò Vấp
426,10.8118747,106.68464,84000000,Quận Gò Vấp
427,10.816657,106.6878768,56000000,Quận Gò Vấp
428,10.838523,106.6368009,84000000,Quận Gò Vấp
429,10.849183,106.674749,88000000,Quận Gò Vấp
430,10.8464541,106.6767299,110600000,Quận Gò Vấp
431,10.8439192,106.6736402,88000000,Quận Gò Vấp
432,10.854439,106.6492362,84000000,Quận Gò Vấp
433,10.8513437,106.6533469,84000000,Quận Gò Vấp
434,10.8528894,106.6468316,84000000,Quận Gò Vấp
435,10.843712,106.6357355,84000000,Quận Gò Vấp
436,10.8150098,106.6827308,117600000,Quận Gò Vấp
437,10.815869,106.6762719,74900000,Quận Gò Vấp
438,10.8347959,106.6670768,101500000,Quận Gò Vấp
439,10.8502494,106.6827868,64800000,Quận Gò Vấp
440,10.8252421,106.690703,126000000,Quận Gò Vấp
441,10.8343553,106.6697019,101500000,Quận Gò Vấp
442,10.8247536,106.6787186,74900000,Quận Gò Vấp
443,10.8183384,106.6917231,77000000,Quận Gò Vấp
444,10.7988798,106.6570904,168300000,Quận Tân Bình
445,10.8001036,106.6670077,243100000,Quận Tân Bình
446,10.8084579,106.6702581,161600000,Quận Tân Bình
447,10.8000779,106.6651242,243100000,Quận Tân Bình
448,10.7882253,106.6497163,138600000,Quận Tân Bình
449,10.7887708,106.6494348,138600000,Quận Tân Bình
450,10.7961587,106.6415864,149600000,Quận Tân Bình
451,10.786918,106.641914,153000000,Quận Tân Bình
452,10.8258193,106.6307968,105300000,Quận Tân Bình
453,10.8258263,106.6307754,105300000,Quận Tân Bình
454,10.8208539,106.6351198,86400000,Quận Tân Bình
455,10.8355874,106.6452257,80000000,Quận Gò Vấp
456,10.8052313,106.6473735,104200000,Quận Tân Bình
457,10.8063577,106.6475536,140400000,Quận Tân Bình
458,10.8009497,106.6535375,169200000,Quận Tân Bình
459,10.7991857,106.6518676,124100000,Quận Tân Bình
460,10.8008466,106.6508216,169200000,Quận Tân Bình
461,10.7865838,106.6441638,112200000,Quận Tân Bình
462,10.7937537,106.6632691,215600000,Quận Tân Bình
463,10.8149336,106.6677421,158000000,Quận Tân Bình
464,10.8237687,106.633877,59400000,Quận Tân Bình
465,10.775901,106.6344451,105000000,Quận Tân Phú
466,10.8052573,106.6660372,161600000,Quận Tân Bình
467,10.7842777,106.6397279,128000000,Quận Tân Phú
468,10.7816541,106.63765,128000000,Quận Tân Phú
469,10.7776556,106.6369251,105000000,Quận Tân Phú
470,10.7744693,106.6357741,105000000,Quận Tân Phú
471,10.7728236,106.6327312,160000000,Quận Tân Phú
472,10.7755445,106.6337604,105000000,Quận Tân Phú
473,10.7802891,106.6384172,100000000,Quận Tân Phú
474,10.8041568,106.6200492,90000000,Quận Tân Phú
475,10.7610003,106.6302233,90000000,Quận Tân Phú
476,10.7661772,106.633091,160000000,Quận Tân Phú
477,10.7663167,106.6281701,88000000,Quận Tân Phú
478,10.7684326,106.6341199,135000000,Quận Tân Phú
479,10.7668322,106.6351044,80000000,Quận Tân Phú
480,10.7701999,106.6385711,112000000,Quận Tân Phú
481,10.7750096,106.6400909,105000000,Quận Tân Phú
482,10.7747841,106.6353248,105000000,Quận Tân Phú
483,10.7785858,106.6351344,160000000,Quận Tân Phú
484,10.7807163,106.631479,160000000,Quận Tân Phú
485,10.7722709,106.6261544,108000000,Quận Tân Phú
486,10.7894205,106.6393604,120000000,Quận Tân Phú
487,10.7889356,106.6400542,120000000,Quận Tân Phú
488,10.8014917,106.6262555,104000000,Quận Tân Phú
489,10.7963841,106.6368951,120000000,Quận Tân Phú
490,10.7703012,106.6258607,100000000,Quận Tân Phú
491,10.78951,106.6185849,130000000,Quận Tân Phú
492,10.7883539,106.6245215,142000000,Quận Tân Phú
493,10.7860911,106.6365296,160000000,Quận Tân Phú
494,10.8061464,106.6106977,95000000,Quận Tân Phú
495,10.8024308,106.6268623,104000000,Quận Tân Phú
496,10.7611075,106.6291045,90000000,Quận Tân Phú
497,10.7093077,106.6435334,65000000,Huyện Bình Chánh
498,10.7999737,106.6128979,90000000,Quận Tân Phú
499,10.77323,106.6143484,61600000,Quận Bình Tân
500,10.7255999,106.6179562,107100000,Quận Bình Tân
501,10.8084625,106.6047656,63100000,Quận Bình Tân
502,10.8214407,106.6084314,63100000,Quận Bình Tân
503,10.7249375,106.6193125,107100000,Quận Bình Tân
504,10.7181953,106.606553,107100000,Quận Bình Tân
505,10.7309077,106.6111893,129800000,Quận Bình Tân
506,10.7374039,106.6142755,129800000,Quận Bình Tân
507,10.7131441,106.6112178,73200000,Quận Bình Tân
508,10.7250032,106.6118421,63600000,Quận Bình Tân
509,10.7335453,106.7015581,71000000,Quận 7
510,10.7538311,106.5851057,48000000,Quận Bình Tân
511,10.7252131,106.5951436,67700000,Quận Bình Tân
512,10.7534375,106.5918594,63100000,Quận Bình Tân
513,10.7517933,106.61916,35000000,Quận Bình Tân
514,10.7618663,106.5920277,63100000,Quận Bình Tân
515,10.7397637,106.6052656,63600000,Quận Bình Tân
516,10.7526329,106.6075533,63600000,Quận Bình Tân
517,10.7664422,106.6040795,78800000,Quận Bình Tân
518,10.8066313,106.6642128,199800000,Quận Tân Bình
519,10.7650898,106.6013632,83800000,Quận Bình Tân
520,10.805597,106.5931562,63600000,Quận Bình Tân
521,10.7785978,106.6206456,95200000,Quận Bình Tân
522,10.7521048,106.5913137,40700000,Quận Bình Tân
523,10.7639744,106.5793183,64800000,Quận Bình Tân
524,10.8063311,106.6028851,51000000,Quận Bình Tân
525,10.7479311,106.5834499,29200000,Quận Bình Tân
526,10.7424871,106.6100359,63600000,Quận Bình Tân
527,10.7546966,106.5938262,63600000,Quận Bình Tân
528,10.7556625,106.6189219,58200000,Quận Bình Tân
529,10.7145524,106.6157655,73200000,Quận Bình Tân
530,10.7530693,106.5884674,48100000,Quận Bình Tân
531,10.8055375,106.5931406,42100000,Quận Bình Tân
532,10.7763177,106.6362476,105000000,Quận Tân Phú
533,10.7358811,106.6896695,200000000,Huyện Bình Chánh
534,10.730539,106.6892046,200000000,Huyện Bình Chánh
535,10.7144111,106.6627174,140000000,Huyện Bình Chánh
536,10.7236909,106.6878059,86000000,Huyện Bình Chánh
537,10.7227476,106.6830242,86000000,Huyện Bình Chánh
538,10.7235918,106.6626694,42000000,Huyện Bình Chánh
539,10.712627,106.6512425,65000000,Huyện Bình Chánh
540,10.6895625,106.5859375,35000000,Huyện Bình Chánh
541,10.7467136,106.61235,112000000,Quận Bình Tân
542,10.6916718,106.6431995,89000000,Huyện Bình Chánh
543,10.7128093,106.6459963,65000000,Huyện Bình Chánh
544,10.7040588,106.653692,36000000,Huyện Bình Chánh
545,10.7144145,106.6497007,65000000,Huyện Bình Chánh
546,10.7077107,106.6525372,86000000,Huyện Bình Chánh
547,10.7178355,106.6378793,50000000,Huyện Bình Chánh
548,10.7098267,106.641856,65000000,Huyện Bình Chánh
549,10.7041508,106.645571,50000000,Huyện Bình Chánh
550,10.6954823,106.6162556,65000000,Huyện Bình Chánh
551,10.721088,106.581984,48000000,Huyện Bình Chánh
552,10.8110331,106.5752576,43000000,Huyện Bình Chánh
553,10.7209901,106.662461,140000000,Huyện Bình Chánh
554,10.6945625,106.6491406,24000000,Huyện Bình Chánh
555,10.6915292,106.6438673,18000000,Huyện Bình Chánh
556,10.7277893,106.6870751,65000000,Huyện Bình Chánh
557,10.7223625,106.7027656,84000000,Huyện Nhà Bè
558,10.7203767,106.7033473,84000000,Huyện Nhà Bè
559,10.7091593,106.709535,84000000,Huyện Nhà Bè
560,10.7093628,106.7097624,84000000,Huyện Nhà Bè
561,10.7017676,106.7147515,84000000,Huyện Nhà Bè
562,10.7195375,106.7009844,84000000,Huyện Nhà Bè
563,10.7144154,106.7005562,49200000,Huyện Nhà Bè
564,10.7169639,106.7020562,84000000,Huyện Nhà Bè
565,10.7133812,106.7065134,84000000,Huyện Nhà Bè
566,10.7089826,106.7042182,49200000,Huyện Nhà Bè
567,10.722375,106.6998399,84000000,Huyện Nhà Bè
568,10.7186807,106.702583,84000000,Huyện Nhà Bè
569,10.6852377,106.7015337,49200000,Huyện Nhà Bè
570,10.6994375,106.7158125,84000000,Huyện Nhà Bè
571,10.7087244,106.7318383,55100000,Huyện Nhà Bè
572,10.6802887,106.7500025,55100000,Huyện Nhà Bè
573,10.661592,106.707432,27400000,Huyện Nhà Bè
574,10.6923125,106.7191875,84000000,Huyện Nhà Bè
575,10.6430375,106.7311094,50400000,Huyện Nhà Bè
576,10.7225084,106.6950241,43800000,Huyện Nhà Bè
577,10.8629681,106.6118577,70300000,Quận 12
578,10.8586311,106.601939,34300000,Huyện Hóc Môn
579,10.877413,106.59439,71000000,Huyện Hóc Môn
580,10.8734375,106.8070625,76000000,TP Thủ Đức
581,10.772603,106.657698,221000000,Quận 10
582,10.8798875,106.8063281,76000000,TP Thủ Đức
583,10.7485388,106.7023081,110000000,Quận 7
584,10.8572238,106.7571293,177000000,TP Thủ Đức
585,10.8221315,106.6867717,80500000,Quận Gò Vấp
586,10.8488453,106.6496336,84000000,Quận Gò Vấp
587,10.8566957,106.6474699,84000000,Quận Gò Vấp
588,10.8701375,106.8038281,76000000,TP Thủ Đức
589,10.8069203,106.6288344,90000000,Quận Tân Phú
590,10.8123231,106.6317596,94000000,Quận Tân Phú
591,10.8084279,106.6292506,82500000,Quận Tân Phú
592,10.803517,106.6334971,104000000,Quận Tân Phú
593,10.8033143,106.7198332,131000000,Quận Bình Thạnh
594,10.8651766,106.6163858,71500000,Quận 12
595,10.7924585,106.7324112,55000000,TP Thủ Đức
596,10.8448016,106.7952384,153000000,TP Thủ Đức
597,10.7625216,106.6823262,238400000,Quận 5
598,10.8756875,106.7991875,80000000,TP Thủ Đức
599,10.7859889,106.702491,182000000,Quận một
600,10.8719375,106.8020625,70000000,TP Thủ Đức
601,10.8704235,106.7783102,64000000,TP Thủ Đức
602,10.8671321,106.6181934,71500000,Quận 12
603,10.7819872,106.6944895,320000000,Quận 3
604,10.8418849,106.764425,80000000,TP Thủ Đức
605,10.7676168,106.7055514,389900000,Quận 4
606,10.8298985,106.7135588,64000000,TP Thủ Đức
607,10.776216,106.6905024,370000000,Quận 3
608,10.761083,106.6922355,151000000,Quận một
609,10.6754375,106.6906875,16900000,Huyện Nhà Bè
610,10.7905873,106.7003956,203000000,Quận một
611,10.8064582,106.7129761,126000000,Quận Bình Thạnh
612,10.7701603,106.7039075,316000000,Quận một
613,10.8545922,106.768346,82000000,TP Thủ Đức
614,10.7704987,106.7048035,506000000,Quận một
615,10.8712875,106.7917656,44000000,TP Thủ Đức
616,10.8775625,106.8015625,80000000,TP Thủ Đức
617,10.7594959,106.6823795,324900000,Quận 5
618,10.7658364,106.689633,290500000,Quận một
619,10.8518047,106.7723024,199000000,TP Thủ Đức
620,10.7532853,106.6633449,270200000,Quận 5
621,10.761394,106.6821834,324900000,Quận 5
622,10.7867669,106.6808522,280000000,Quận 3
623,10.8711875,106.7963125,66000000,TP Thủ Đức
624,10.7926027,106.7062441,179000000,Quận Bình Thạnh
625,10.8350633,106.6752476,117600000,Quận Gò Vấp
626,10.7521455,106.7200834,100000000,Quận 7
627,10.7983558,106.6681112,197600000,Quận Tân Bình
628,10.8112906,106.6798355,174300000,Quận Phú Nhuận
629,10.7955132,106.6670421,228800000,Quận Tân Bình
630,10.7455781,106.7010799,110000000,Quận 7
631,10.8052308,106.7312161,136000000,TP Thủ Đức
632,10.8221649,106.7701292,81700000,TP Thủ Đức
633,10.8091479,106.6726964,144000000,Quận Phú Nhuận
634,10.7587813,106.6652442,186400000,Quận 10
635,10.754974,106.6628224,237800000,Quận 5
636,10.7852483,106.7022261,182000000,Quận một
637,10.7735378,106.6658869,137300000,Quận 10
638,10.7733261,106.6685991,196500000,Quận 10
639,10.7094125,106.5789844,25000000,Huyện Bình Chánh
640,10.7738546,106.6653705,137300000,Quận 10
641,10.8639488,106.761641,66000000,TP Thủ Đức
642,10.869694,106.795822,64000000,TP Thủ Đức
643,10.7702198,106.6925234,220000000,Quận một
644,10.7722328,106.6790097,330000000,Quận 3
645,10.7760147,106.6673648,196500000,Quận 10
646,10.7748635,106.6748479,196500000,Quận 10
647,10.784965,106.6546163,149600000,Quận Tân Bình
648,10.7819773,106.6626329,90200000,Quận 10
649,10.8655251,106.6006265,39600000,Huyện Hóc Môn
650,10.8089639,106.665134,199800000,Quận Tân Bình
651,10.7532842,106.6603784,270200000,Quận 5
652,10.7627591,106.6933065,177500000,Quận một
653,10.8122728,106.6950522,160000000,Quận Bình Thạnh
654,10.8095819,106.71501,72000000,Quận Bình Thạnh
655,10.8017151,106.7144547,222000000,Quận Bình Thạnh
656,10.8572343,106.7883348,112000000,TP Thủ Đức
657,10.8579196,106.7878476,72000000,TP Thủ Đức
658,10.8004248,106.7062217,222000000,Quận Bình Thạnh
659,10.7680842,106.6749349,300000000,Quận 3
660,10.7126256,106.6458628,65000000,Huyện Bình Chánh
661,10.7843294,106.64166,120000000,Quận Tân Phú
662,10.8645113,106.6674096,16100000,Quận 12
663,10.7380236,106.6778656,92000000,Quận 8
664,10.8603402,106.6983813,16100000,Quận 12
665,10.7610329,106.7105413,322100000,Quận 4
666,10.8393509,106.6759023,117600000,Quận Gò Vấp
667,10.886905,106.6480813,60300000,Quận 12
668,10.7438154,106.7019267,110000000,Quận 7
669,10.7997162,106.6499984,124100000,Quận Tân Bình
670,10.7534492,106.7145044,169500000,Quận 4
671,10.8114327,106.6786028,174300000,Quận Phú Nhuận
672,10.8457788,106.8042211,163000000,TP Thủ Đức
673,10.852994,106.6267839,46500000,Quận 12
674,10.8166108,106.6785669,131600000,Quận Gò Vấp
675,10.7974458,106.7032396,222000000,Quận Bình Thạnh
676,10.7988741,106.7068438,222000000,Quận Bình Thạnh
677,10.8054849,106.7326308,95000000,TP Thủ Đức
678,10.8056885,106.7330531,95000000,TP Thủ Đức
679,10.8059005,106.7331049,95000000,TP Thủ Đức
680,10.7743996,106.7966622,54000000,TP Thủ Đức
681,10.7137028,106.7280644,160000000,Quận 7
682,10.812785,106.7010873,222000000,Quận Bình Thạnh
683,10.7875815,106.690583,270000000,Quận 3
684,10.7894139,106.700752,330000000,Quận một
685,10.7970122,106.6736896,336000000,Quận Phú Nhuận
686,10.8004315,106.66058,169200000,Quận Tân Bình
687,10.7975509,106.6736994,197600000,Quận Phú Nhuận
688,10.8007019,106.6571314,169200000,Quận Tân Bình
689,10.7996657,106.6555524,169200000,Quận Tân Bình
690,10.7743224,106.6950214,286000000,Quận một
691,10.7746188,106.6980591,506000000,Quận một
692,10.8632359,106.8133359,69000000,TP Thủ Đức
693,10.7294742,106.6927029,120000000,Quận 7
694,10.727061,106.7199881,220000000,Quận 7
695,10.8162554,106.6689454,158000000,Quận Tân Bình
696,10.8494915,106.7678735,199000000,TP Thủ Đức
697,10.8170155,106.6874896,56000000,Quận Gò Vấp
698,10.7240682,106.7218566,180000000,Quận 7
699,10.7998143,106.6480796,108800000,Quận Tân Bình
700,10.7947661,106.6352326,85000000,Quận Tân Phú
701,10.7755157,106.6724936,101500000,Quận 10
702,10.7750496,106.6344994,105000000,Quận Tân Phú
703,10.8400332,106.7441508,177000000,TP Thủ Đức
704,10.8511574,106.7579434,199000000,TP Thủ Đức
705,10.8306805,106.774999,60000000,TP Thủ Đức
706,10.7763574,106.6819461,135300000,Quận 10
707,10.782821,106.6812322,290000000,Quận 3
708,10.8147881,106.7078233,136000000,Quận Bình Thạnh
709,10.7984962,106.6660827,197600000,Quận Tân Bình
710,10.8448523,106.6775107,100800000,Quận Gò Vấp
711,10.8452227,106.7674163,70000000,TP Thủ Đức
712,10.8484143,106.7665811,70000000,TP Thủ Đức
713,10.8807034,106.6792738,43400000,Quận 12
714,10.7094418,106.7436548,45000000,Quận 7
715,10.787297,106.6220585,112000000,Quận Tân Phú
716,10.7473791,106.6268508,165000000,Quận 6
717,10.7792118,106.6812013,280000000,Quận 3
718,10.8578573,106.609876,70300000,Quận 12
719,10.8085024,106.733007,149000000,TP Thủ Đức
720,10.8192417,106.701325,168000000,Quận Bình Thạnh
721,10.773744,106.6561642,189600000,Quận 11
722,10.8571446,106.6805297,71700000,Quận 12
723,10.7924692,106.6457006,127500000,Quận Tân Bình
724,10.7461519,106.6509461,97800000,Quận 6
725,10.8131188,106.7731341,70000000,TP Thủ Đức
726,10.799559,106.6849978,281600000,Quận Phú Nhuận
727,10.7548033,106.6815201,221100000,Quận 5
728,10.7437543,106.6348531,90400000,Quận 6
729,10.671863,106.734862,55100000,Huyện Nhà Bè
730,10.7948459,106.7338751,44000000,TP Thủ Đức
731,10.7648988,106.6733393,135100000,Quận 10
732,10.764825,106.6741632,122800000,Quận 10
733,10.8216864,106.771625,81700000,TP Thủ Đức
734,10.7719537,106.701466,462000000,Quận một
735,10.8498768,106.6813185,64800000,Quận Gò Vấp
736,10.7206342,106.6323425,50000000,Quận 8
737,10.7967869,106.6564802,243100000,Quận Tân Bình
738,10.844343,106.647748,82000000,Quận Gò Vấp
739,10.7941355,106.6872779,132000000,Quận một
740,10.8547845,106.7602606,53000000,TP Thủ Đức
741,10.7478588,106.6238328,95200000,Quận Bình Tân
742,10.7431991,106.6177595,63600000,Quận Bình Tân
743,10.7602147,106.6743805,144000000,Quận 5
744,10.847998,106.6303105,46800000,Quận 12
745,10.7405489,106.6162152,129800000,Quận Bình Tân
746,10.7600767,106.6703622,196000000,Quận 5
747,10.8492221,106.6782727,100800000,Quận Gò Vấp
748,10.8156609,106.6890635,106400000,Quận Gò Vấp
749,10.7676675,106.6877616,220000000,Quận một
750,10.8282808,106.6332635,84000000,Quận Gò Vấp
751,10.8235554,106.697631,86000000,Quận Gò Vấp
752,10.8061841,106.6869645,160000000,Quận Bình Thạnh
753,10.763216,106.675506,184200000,Quận 10
754,10.7391121,106.6913443,121000000,Huyện Bình Chánh
755,10.8379271,106.676607,120300000,Quận Gò Vấp
756,10.8504907,106.7637275,199000000,TP Thủ Đức
757,10.8356201,106.6611269,135800000,Quận Gò Vấp
758,10.7899762,106.5959808,95200000,Quận Bình Tân
759,10.8030124,106.6470392,140400000,Quận Tân Bình
760,10.767632,106.691534,352000000,Quận một
761,10.7838327,106.6970611,328000000,Quận một
762,10.7711276,106.6946778,418000000,Quận một
763,10.7716119,106.6898229,299000000,Quận một
764,10.765353,106.697789,286000000,Quận một
765,10.7903636,106.6942742,280000000,Quận một
766,10.790767,106.7316657,149000000,TP Thủ Đức
767,10.7886974,106.7577043,81700000,TP Thủ Đức
768,10.7876914,106.7298625,149000000,TP Thủ Đức
769,10.790832,106.754156,81700000,TP Thủ Đức
770,10.7789561,106.7639527,81700000,TP Thủ Đức
771,10.788016,106.7301729,149000000,TP Thủ Đức
772,10.7882457,106.7761065,81700000,TP Thủ Đức
773,10.7869943,106.7690982,70900000,TP Thủ Đức
774,10.7597964,106.7875438,81700000,TP Thủ Đức
775,10.7852462,106.7503151,79000000,TP Thủ Đức
776,10.8011068,106.7351433,72000000,TP Thủ Đức
777,10.7758935,106.7599975,81700000,TP Thủ Đức
778,10.7810612,106.6956462,320000000,Quận 3
779,10.7842743,106.6700969,227000000,Quận 3
780,10.7859382,106.690212,320000000,Quận 3
781,10.787959,106.67811,280000000,Quận 3
782,10.7734081,106.6850453,330000000,Quận 3
783,10.7825795,106.6838504,320000000,Quận 3
784,10.777013,106.683608,252500000,Quận 3
785,10.7867739,106.6911473,270000000,Quận 3
786,10.7529343,106.7041188,189800000,Quận 4
787,10.7575748,106.6938157,185300000,Quận 4
788,10.7567477,106.6848366,238400000,Quận 5
789,10.7544595,106.6771327,327700000,Quận 5
790,10.7617262,106.6780309,189300000,Quận 5
791,10.749552,106.6744578,205500000,Quận 5
792,10.7583253,106.6616928,196000000,Quận 5
793,10.7555642,106.6720911,221100000,Quận 5
794,10.7564404,106.6830475,327700000,Quận 5
795,10.7590288,106.6650448,196000000,Quận 5
796,10.755444,106.6821963,327700000,Quận 5
797,10.7606215,106.6828759,324900000,Quận 5
798,10.7540201,106.6682737,270200000,Quận 5
799,10.7512367,106.65195,127000000,Quận 6
800,10.7512649,106.6506604,127000000,Quận 6
801,10.7518273,106.6313475,165000000,Quận 6
802,10.7509584,106.6531475,127000000,Quận 6
803,10.7476934,106.6313529,126000000,Quận 6
804,10.7442729,106.6503726,126900000,Quận 6
805,10.7489846,106.6282264,165000000,Quận 6
806,10.746806,106.6253771,165000000,Quận 6
807,10.7453327,106.6303615,116000000,Quận 6
808,10.7527546,106.6449705,165000000,Quận 6
809,10.7472293,106.6429977,115500000,Quận 6
810,10.7400941,106.7037242,100000000,Quận 7
811,10.731572,106.732057,127000000,Quận 7
812,10.732551,106.7316014,117000000,Quận 7
813,10.7516665,106.7071575,100000000,Quận 7
814,10.7333091,106.7311649,117000000,Quận 7
815,10.7269665,106.7334285,117000000,Quận 7
816,10.7258386,106.7337248,117000000,Quận 7
817,10.744154,106.7293106,127000000,Quận 7
818,10.75155,106.728544,127000000,Quận 7
819,10.7175875,106.7367321,117000000,Quận 7
820,10.7513608,106.7405605,70000000,Quận 7
821,10.7474293,106.7158642,99000000,Quận 7
822,10.7477864,106.7301331,127000000,Quận 7
823,10.742319,106.6933681,100000000,Quận 7
824,10.7387112,106.7098848,180000000,Quận 7
825,10.7384682,106.718697,120000000,Quận 7
826,10.7251603,106.7438574,50000000,Quận 7
827,10.7499868,106.7226386,95000000,Quận 7
828,10.7148464,106.6249225,74000000,Quận 8
829,10.725561,106.6261241,90000000,Quận 8
830,10.7412652,106.6599825,92000000,Quận 8
831,10.7458495,106.6592169,95000000,Quận 8
832,10.7122905,106.6174564,58000000,Quận 8
833,10.7405396,106.6465634,55000000,Quận 8
834,10.7486226,106.6833165,97000000,Quận 8
835,10.7331543,106.6052491,58000000,Quận 8
836,10.733614,106.6561693,126000000,Quận 8
837,10.7378654,106.6508792,92000000,Quận 8
838,10.741593,106.6593726,92000000,Quận 8
839,10.7489336,106.6764587,100000000,Quận 8
840,10.7433223,106.6683005,92000000,Quận 8
841,10.699249,106.610049,65000000,Quận 8
842,10.7107447,106.6176002,58000000,Quận 8
843,10.8352483,106.8302899,69900000,TP Thủ Đức
844,10.806449,106.755351,72000000,TP Thủ Đức
845,10.8449964,106.7867886,153000000,TP Thủ Đức
846,10.8456535,106.7796168,153000000,TP Thủ Đức
847,10.8041757,106.8175848,81700000,TP Thủ Đức
848,10.8061313,106.8199233,73000000,TP Thủ Đức
849,10.822611,106.7712912,81700000,TP Thủ Đức
850,10.8395896,106.8344935,69900000,TP Thủ Đức
851,10.8659629,106.8379066,69900000,TP Thủ Đức
852,10.7909583,106.7905153,81700000,TP Thủ Đức
853,10.8051192,106.816532,73900000,TP Thủ Đức
854,10.7917502,106.8021501,81700000,TP Thủ Đức
855,10.8624903,106.8005623,72000000,TP Thủ Đức
856,10.8524235,106.8165933,69000000,TP Thủ Đức
857,10.8308854,106.8301548,69900000,TP Thủ Đức
858,10.849962,106.8116504,90000000,TP Thủ Đức
859,10.821879,106.8308651,69900000,TP Thủ Đức
860,10.7907782,106.7907985,81700000,TP Thủ Đức
861,10.8145631,106.8354141,52000000,TP Thủ Đức
862,10.848975,106.8145323,75000000,TP Thủ Đức
863,10.8122722,106.8427384,52000000,TP Thủ Đức
864,10.802801,106.7155681,60000000,TP Thủ Đức
865,10.8244603,106.7606882,72000000,TP Thủ Đức
866,10.7789338,106.6781081,216800000,Quận 10
867,10.7719958,106.665187,194300000,Quận 10
868,10.7615592,106.6751776,212100000,Quận 10
869,10.767856,106.673861,202600000,Quận 10
870,10.7802256,106.6682219,202900000,Quận 10
871,10.775879,106.6825219,194300000,Quận 10
872,10.7666452,106.6513222,150000000,Quận 11
873,10.7665933,106.6434903,160000000,Quận 11
874,10.7595067,106.6586227,162600000,Quận 11
875,10.7654687,106.6426321,120000000,Quận 11
876,10.7734467,106.6468814,120000000,Quận 11
877,10.7548169,106.640303,165000000,Quận 11
878,10.7621197,106.6575436,221000000,Quận 11
879,10.7631969,106.6599697,260000000,Quận 11
880,10.7668523,106.6533424,250000000,Quận 11
881,10.772505,106.6575887,260000000,Quận 11
882,10.7716208,106.6412999,110000000,Quận 11
883,10.8620971,106.656759,16100000,Quận 12
884,10.8622251,106.6515022,16100000,Quận 12
885,10.8542,106.6806967,71700000,Quận 12
886,10.8528977,106.6090759,76400000,Quận 12
887,10.849062,106.6114468,76400000,Quận 12
888,10.8792939,106.6367823,98400000,Quận 12
889,10.8283954,106.6239944,126300000,Quận 12
890,10.8826528,106.6494323,60300000,Quận 12
891,10.8774861,106.6252826,98400000,Quận 12
892,10.8288973,106.6187921,103900000,Quận 12
893,10.8306005,106.6135139,103900000,Quận 12
894,10.8740469,106.6122508,71500000,Quận 12
895,10.8702271,106.6769139,43400000,Quận 12
896,10.8413003,106.630303,79000000,Quận 12
897,10.8613154,106.6885672,40300000,Quận 12
898,10.8596966,106.711405,40300000,Quận 12
899,10.851965,106.6789968,71700000,Quận 12
900,10.8597454,106.698888,40300000,Quận 12
901,10.8651962,106.6140666,70300000,Quận 12
902,10.8390765,106.6957999,33300000,Quận 12
903,10.6927056,106.595406,26000000,Huyện Bình Chánh
904,10.8910575,106.6482728,60300000,Quận 12
905,10.6865573,106.5933897,16100000,Quận 12
906,10.8677867,106.6157529,71500000,Quận 12
907,10.8480847,106.6235761,16100000,Quận 12
908,10.8594418,106.7054411,16100000,Quận 12
909,10.8993417,106.6882903,24100000,Quận 12
910,10.8561138,106.6218853,71500000,Quận 12
911,10.8906882,106.6469474,60300000,Quận 12
912,10.8276195,106.6265285,79000000,Quận 12
913,10.8618137,106.6509349,40300000,Quận 12
914,10.8525816,106.6124054,57300000,Quận 12
915,10.8765019,106.6460305,98400000,Quận 12
916,10.8861555,106.6830748,43400000,Quận 12
917,10.8400535,106.5992722,24600000,Huyện Hóc Môn
918,10.8885851,106.5947692,47000000,Huyện Hóc Môn
919,10.8675878,106.6153258,62500000,Huyện Hóc Môn
920,10.9015945,106.5744053,39600000,Huyện Hóc Môn
921,10.868194,106.5979922,39600000,Huyện Hóc Môn
922,10.8641997,106.601133,39600000,Huyện Hóc Môn
923,10.879027,106.598949,52200000,Huyện Hóc Môn
924,10.8700549,106.5972841,39600000,Huyện Hóc Môn
925,10.8719366,106.568268,35600000,Huyện Hóc Môn
926,10.8799969,106.5929058,47300000,Huyện Hóc Môn
927,10.8536848,106.6057805,48500000,Huyện Hóc Môn
928,10.8581901,106.5897504,25600000,Huyện Hóc Môn
929,10.9108436,106.5686679,39600000,Huyện Hóc Môn
930,10.8894175,106.600426,62500000,Huyện Hóc Môn
931,10.8893833,106.5942838,47000000,Huyện Hóc Môn
932,10.8605454,106.6039245,39600000,Huyện Hóc Môn
933,10.8836243,106.5867914,39600000,Huyện Hóc Môn
934,10.8942581,106.5801028,39600000,Huyện Hóc Môn
935,10.9058987,106.6442544,22800000,Huyện Hóc Môn
936,10.8849955,106.6062095,62500000,Huyện Hóc Môn
937,10.8574278,106.6055188,39600000,Huyện Hóc Môn
938,10.91166,106.6000143,24100000,Huyện Hóc Môn
939,10.8430792,106.5999165,78000000,Huyện Hóc Môn
940,10.8922058,106.6170898,36000000,Huyện Hóc Môn
941,10.8895256,106.5694336,11100000,Huyện Hóc Môn
942,10.8491035,106.6020752,48500000,Huyện Hóc Môn
943,10.8562175,106.6067763,39600000,Huyện Hóc Môn
944,10.8813326,106.5890389,39600000,Huyện Hóc Môn
945,10.8704993,106.5634316,35600000,Huyện Hóc Môn
946,10.843429,106.595572,24600000,Huyện Hóc Môn
947,10.8988691,106.6269084,36000000,Huyện Hóc Môn
948,10.8953381,106.584325,47000000,Huyện Hóc Môn
949,10.8532609,106.5841314,40500000,Huyện Hóc Môn
950,10.8954242,106.638513,22800000,Huyện Hóc Môn
951,10.9141919,106.6704243,14500000,Huyện Hóc Môn
952,10.8799319,106.5823703,35600000,Huyện Hóc Môn
953,10.9104068,106.5997684,29800000,Huyện Hóc Môn
954,10.7298042,106.6557727,80000000,Huyện Bình Chánh
955,10.8051708,106.5657768,15000000,Huyện Bình Chánh
956,10.687975,106.6532359,80000000,Huyện Bình Chánh
957,10.6996438,106.5975298,58000000,Huyện Bình Chánh
958,10.6429942,106.6380088,30000000,Huyện Bình Chánh
959,10.6647956,106.6510858,80000000,Huyện Bình Chánh
960,10.7000889,106.6540982,68000000,Huyện Bình Chánh
961,10.8157593,106.5812522,43000000,Huyện Bình Chánh
962,10.7435986,106.5421959,103000000,Huyện Bình Chánh
963,10.6920806,106.5959176,58000000,Huyện Bình Chánh
964,10.6917779,106.5748024,15000000,Huyện Bình Chánh
965,10.787695,106.517138,35000000,Huyện Bình Chánh
966,10.8148267,106.5806671,43000000,Huyện Bình Chánh
967,10.684929,106.6517937,80000000,Huyện Bình Chánh
968,10.778148,106.5369576,35000000,Huyện Bình Chánh
969,10.8178159,106.5844965,43000000,Huyện Bình Chánh
970,10.8173047,106.5813876,43000000,Huyện Bình Chánh
971,10.6717186,106.5783309,58000000,Huyện Bình Chánh
972,10.7080713,106.5986219,58000000,Huyện Bình Chánh
973,10.6633478,106.5678811,58000000,Huyện Bình Chánh
974,10.7047081,106.6549196,80000000,Huyện Bình Chánh
975,10.6773233,106.6192178,8000000,Huyện Bình Chánh
976,10.6970195,106.5799165,48000000,Huyện Bình Chánh
977,10.7621869,106.5712433,35000000,Huyện Bình Chánh
978,10.6846214,106.5924179,58000000,Huyện Bình Chánh
979,10.6639566,106.5683499,58000000,Huyện Bình Chánh
980,10.8150401,106.5854052,12000000,Huyện Bình Chánh
981,10.7268477,106.6787172,120000000,Huyện Bình Chánh
982,10.687302,106.593596,120000000,Huyện Bình Chánh
983,10.658456,106.687339,120000000,Huyện Bình Chánh
984,10.6850015,106.5925527,58000000,Huyện Bình Chánh
985,10.776238,106.5729943,45000000,Huyện Bình Chánh
986,10.7085197,106.6554431,80000000,Huyện Bình Chánh
987,10.7302935,106.689552,30000000,Huyện Bình Chánh
988,10.6855984,106.598377,43000000,Huyện Bình Chánh
989,10.7277018,106.680684,65000000,Huyện Bình Chánh
990,10.8126425,106.5741715,32000000,Huyện Bình Chánh
991,10.779058,106.5729896,45000000,Huyện Bình Chánh
992,10.8044046,106.5782926,45000000,Huyện Bình Chánh
993,10.774938,106.543063,35000000,Huyện Bình Chánh
994,10.8311602,106.5731072,30000000,Huyện Bình Chánh
995,10.7121446,106.5528475,19000000,Huyện Bình Chánh
996,10.7448045,106.5396327,22000000,Huyện Bình Chánh
997,10.972735,106.480356,27566000,Huyện Củ Chi
998,10.960729,106.5027591,27566000,Huyện Củ Chi
999,11.009036,106.4178693,27566000,Huyện Củ Chi
1000,11.0774679,106.5017787,11033000,Huyện Củ Chi
1001,10.9946905,106.5718829,17533000,Huyện Củ Chi
1002,10.9554858,106.5118557,27566000,Huyện Củ Chi
1003,10.9999646,106.4824238,18500000,Huyện Củ Chi
1004,11.1102882,106.4735632,8300000,Huyện Củ Chi
1005,10.9783475,106.5039378,27444000,Huyện Củ Chi
1006,10.9669537,106.4892615,27566000,Huyện Củ Chi
1007,11.0090534,106.4181286,27566000,Huyện Củ Chi
1008,10.955425,106.5115282,27566000,Huyện Củ Chi
1009,11.01362,106.4673265,10400000,Huyện Củ Chi
1010,10.9840731,106.4716425,18500000,Huyện Củ Chi
1011,10.9853307,106.4302818,9400000,Huyện Củ Chi
1012,10.9932983,106.4477902,27566000,Huyện Củ Chi
1013,10.9283771,106.6023325,17533000,Huyện Củ Chi
1014,10.9831875,106.5140021,27444000,Huyện Củ Chi
1015,11.0026284,106.4241525,11033000,Huyện Củ Chi
1016,10.9449669,106.4563405,27444000,Huyện Củ Chi
1017,10.9881623,106.5748296,17533000,Huyện Củ Chi
1018,10.9816452,106.4704846,8300000,Huyện Củ Chi
1019,11.11894,106.498603,17533000,Huyện Củ Chi
1020,10.8717089,106.5958013,27566000,Huyện Củ Chi
1021,10.9735461,106.6398376,27444000,Huyện Củ Chi
1022,10.9851526,106.5586862,27444000,Huyện Củ Chi
1023,10.9696564,106.4888486,27444000,Huyện Củ Chi
1024,10.9836577,106.547164,27444000,Huyện Củ Chi
1025,10.9798326,106.61275,27444000,Huyện Củ Chi
1026,11.0368536,106.5604436,17533000,Huyện Củ Chi
1027,11.0314963,106.4444866,11033000,Huyện Củ Chi
1028,10.960979,106.47841,27444000,Huyện Củ Chi
1029,10.9763165,106.6215578,27444000,Huyện Củ Chi
1030,10.9834671,106.5778516,27444000,Huyện Củ Chi
1031,10.9849142,106.5203693,27444000,Huyện Củ Chi
1032,10.9704837,106.517041,17600000,Huyện Củ Chi
1033,10.9878731,106.4937667,11400000,Huyện Củ Chi
1034,10.9576563,106.509039,27566000,Huyện Củ Chi
1035,11.0916362,106.5132481,17533000,Huyện Củ Chi
1036,10.9764366,106.5823391,17533000,Huyện Củ Chi
1037,10.9208864,106.6008797,17533000,Huyện Củ Chi
1038,10.980387,106.5043581,17100000,Huyện Củ Chi
1039,11.0768347,106.5177456,17533000,Huyện Củ Chi
1040,10.9305216,106.5547012,27566000,Huyện Củ Chi
1041,10.9471035,106.5247739,27566000,Huyện Củ Chi
1042,11.0597542,106.4770814,11033000,Huyện Củ Chi
1043,10.9828791,106.5128407,27444000,Huyện Củ Chi
1044,11.0501759,106.4545863,10200000,Huyện Củ Chi
1045,11.0202503,106.5634791,17533000,Huyện Củ Chi
1046,10.9824747,106.5993401,27444000,Huyện Củ Chi
1047,10.9811045,106.5774527,17533000,Huyện Củ Chi
1048,10.9820657,106.5977488,27444000,Huyện Củ Chi
1049,11.0206305,106.5638001,17533000,Huyện Củ Chi
1050,10.966493,106.5479253,17500000,Huyện Củ Chi
1051,10.9499556,106.6040569,17533000,Huyện Củ Chi
1052,11.0555319,106.4824805,13380000,Huyện Củ Chi
1053,10.9839825,106.5709668,27444000,Huyện Củ Chi
1054,11.0529554,106.5357842,17533000,Huyện Củ Chi
1055,10.9729498,106.6356237,27444000,Huyện Củ Chi
1056,11.1549818,106.4549448,17533000,Huyện Củ Chi
1057,10.9452909,106.5265347,27566000,Huyện Củ Chi
1058,10.9021275,106.6402805,19500000,Huyện Củ Chi
1059,11.0061976,106.4268575,27566000,Huyện Củ Chi
1060,10.9711865,106.4915165,27444000,Huyện Củ Chi
1061,11.1388399,106.473881,17533000,Huyện Củ Chi
1062,10.996971,106.4488966,9400000,Huyện Củ Chi
1063,10.9851993,106.4564685,27566000,Huyện Củ Chi
1064,10.9702057,106.5518125,17500000,Huyện Củ Chi
1065,10.9675188,106.4875321,27566000,Huyện Củ Chi
1066,11.039227,106.452292,11033000,Huyện Củ Chi
1067,10.8960846,106.5782841,27566000,Huyện Củ Chi
1068,10.835096,106.856169,13380000,Huyện Củ Chi
1069,10.9437729,106.6464806,19500000,Huyện Củ Chi
1070,11.0706669,106.5207865,17533000,Huyện Củ Chi
1071,10.9607058,106.5263913,17600000,Huyện Củ Chi
1072,10.9920425,106.3862789,11033000,Huyện Củ Chi
1073,10.9436953,106.6460549,19500000,Huyện Củ Chi
1074,10.9789376,106.4920888,19000000,Huyện Củ Chi
1075,11.0251444,106.4847137,10500000,Huyện Củ Chi
1076,11.0352519,106.5226562,12000000,Huyện Củ Chi
1077,11.030699,106.4879364,12000000,Huyện Củ Chi
1078,11.0079664,106.5339918,11300000,Huyện Củ Chi
1079,10.928779,106.6077554,19400000,Huyện Củ Chi
1080,10.9755449,106.6233779,13700000,Huyện Củ Chi
1081,11.0219099,106.4588831,10400000,Huyện Củ Chi
1082,10.6946374,106.7406765,78800000,Huyện Nhà Bè
1083,10.7063157,106.7391517,78800000,Huyện Nhà Bè
1084,10.6751728,106.7613722,78800000,Huyện Nhà Bè
1085,10.7199546,106.6988556,49200000,Huyện Nhà Bè
1086,10.6779404,106.7550595,78800000,Huyện Nhà Bè
1087,10.7070249,106.738098,78800000,Huyện Nhà Bè
1088,10.6770878,106.7563812,78800000,Huyện Nhà Bè
1089,10.6542951,106.729338,24400000,Huyện Nhà Bè
1090,10.7005327,106.7041093,35800000,Huyện Nhà Bè
1091,10.6372791,106.7474243,32300000,Huyện Nhà Bè
1092,10.6419584,106.7331172,50400000,Huyện Nhà Bè
1093,10.6534388,106.7291085,50400000,Huyện Nhà Bè
1094,10.7142166,106.7008603,49200000,Huyện Nhà Bè
1095,10.6730706,106.6979399,35800000,Huyện Nhà Bè
1096,10.6331823,106.7623761,32300000,Huyện Nhà Bè
1097,10.6711566,106.7222475,33200000,Huyện Nhà Bè
1098,10.4112185,106.9655024,22000000,Huyện Cần Giờ
1099,10.5653379,106.7519914,6100000,Huyện Cần Giờ
1100,10.3954565,106.916009,12700000,Huyện Cần Giờ
1101,10.5882243,106.8253786,24600000,Huyện Cần Giờ
1102,10.6638591,106.7770892,24600000,Huyện Cần Giờ
1103,10.4026334,106.9540879,16900000,Huyện Cần Giờ
1104,10.4088365,106.9465938,19900000,Huyện Cần Giờ
1105,10.532813,106.767688,6100000,Huyện Cần Giờ
1106,10.7990057,106.6798817,275200000,Quận Phú Nhuận
1107,10.803367,106.6886714,246400000,Quận Phú Nhuận
1108,10.7991771,106.6691873,336000000,Quận Phú Nhuận
1109,10.8000854,106.6800847,174300000,Quận Phú Nhuận
1110,10.7992648,106.6895581,281600000,Quận Phú Nhuận
1111,10.7999525,106.6685999,336000000,Quận Phú Nhuận
1112,10.8001295,106.7138974,222000000,Quận Bình Thạnh
1113,10.7971341,106.7111097,205000000,Quận Bình Thạnh
1114,10.8085267,106.6952241,175000000,Quận Bình Thạnh
1115,10.811623,106.6956041,168000000,Quận Bình Thạnh
1116,10.81517,106.7111437,151000000,Quận Bình Thạnh
1117,10.800999,106.713199,222000000,Quận Bình Thạnh
1118,10.8032222,106.7092053,205000000,Quận Bình Thạnh
1119,10.7984436,106.7042415,222000000,Quận Bình Thạnh
1120,10.803469,106.7046382,205000000,Quận Bình Thạnh
1121,10.8030537,106.6999135,205000000,Quận Bình Thạnh
1122,10.8068188,106.6951688,175000000,Quận Bình Thạnh
1123,10.8142925,106.7000495,175000000,Quận Bình Thạnh
1124,10.81589,106.713109,168000000,Quận Bình Thạnh
1125,10.8123991,106.7102153,136000000,Quận Bình Thạnh
1126,10.8169502,106.7132317,168000000,Quận Bình Thạnh
1127,10.788856,106.71542,187000000,Quận Bình Thạnh
1128,10.8054613,106.6991059,127000000,Quận Bình Thạnh
1129,10.8085535,106.7140184,161000000,Quận Bình Thạnh
1130,10.8141551,106.7090458,136000000,Quận Bình Thạnh
1131,10.8069419,106.6969692,179000000,Quận Bình Thạnh
1132,10.8195505,106.7032129,168000000,Quận Bình Thạnh
1133,10.8276087,106.6793432,117600000,Quận Gò Vấp
1134,10.8413641,106.6527214,135800000,Quận Gò Vấp
1135,10.8382799,106.6357043,84000000,Quận Gò Vấp
1136,10.836628,106.656898,109200000,Quận Gò Vấp
1137,10.8231913,106.6915314,126000000,Quận Gò Vấp
1138,10.809512,106.692734,106400000,Quận Gò Vấp
1139,10.84261,106.676983,100800000,Quận Gò Vấp
1140,10.8386779,106.6652904,86000000,Quận Gò Vấp
1141,10.8255716,106.6841025,117600000,Quận Gò Vấp
1142,10.8372182,106.6554915,135800000,Quận Gò Vấp
1143,10.8483269,106.6789858,100800000,Quận Gò Vấp
1144,10.8393897,106.675532,117600000,Quận Gò Vấp
1145,10.8399234,106.6469921,92400000,Quận Gò Vấp
1146,10.8277501,106.6760594,109200000,Quận Gò Vấp
1147,10.8507461,106.645341,84000000,Quận Gò Vấp
1148,10.8275609,106.6869748,110600000,Quận Gò Vấp
1149,10.8284785,106.6849156,110600000,Quận Gò Vấp
1150,10.824942,106.679357,131600000,Quận Gò Vấp
1151,10.827184,106.688409,110600000,Quận Gò Vấp
1152,10.831655,106.6750191,101500000,Quận Gò Vấp
1153,10.8326714,106.6853893,86000000,Quận Gò Vấp
1154,10.849175,106.664663,86000000,Quận Gò Vấp
1155,10.8495459,106.6785384,100800000,Quận Gò Vấp
1156,10.8358301,106.635845,84000000,Quận Gò Vấp
1157,10.8554446,106.6555147,96000000,Quận Gò Vấp
1158,10.8496622,106.6785769,100800000,Quận Gò Vấp
1159,10.790775,106.6553239,224400000,Quận Tân Bình
1160,10.783053,106.654391,277200000,Quận Tân Bình
1161,10.7897603,106.6593306,224400000,Quận Tân Bình
1162,10.8047542,106.6673407,155600000,Quận Tân Bình
1163,10.7794995,106.6557612,225400000,Quận Tân Bình
1164,10.8347469,106.6446074,79200000,Quận Tân Bình
1165,10.7574568,106.6619551,277200000,Quận Tân Bình
1166,10.7983494,106.6631304,228800000,Quận Tân Bình
1167,10.8085976,106.6692519,161600000,Quận Tân Bình
1168,10.7994245,106.6615759,228800000,Quận Tân Bình
1169,10.806618,106.635062,224400000,Quận Tân Bình
1170,10.7937413,106.6520107,224400000,Quận Tân Bình
1171,10.8018299,106.6496319,181000000,Quận Tân Bình
1172,10.8219252,106.630419,155600000,Quận Tân Bình
1173,10.8158321,106.6641318,199800000,Quận Tân Bình
1174,10.786292,106.64328,112200000,Quận Tân Bình
1175,10.8023981,106.6446732,181000000,Quận Tân Bình
1176,10.793147,106.640236,207400000,Quận Tân Bình
1177,10.780992,106.64666,153000000,Quận Tân Bình
1178,10.7759839,106.6487627,216800000,Quận Tân Bình
1179,10.7997185,106.6192871,104000000,Quận Tân Phú
1180,10.7594282,106.6334707,160000000,Quận Tân Phú
1181,10.7645402,106.6325076,160000000,Quận Tân Phú
1182,10.80528,106.609316,84000000,Quận Tân Phú
1183,10.7785654,106.6317792,105000000,Quận Tân Phú
1184,10.8096219,106.633634,135000000,Quận Tân Phú
1185,10.772083,106.632209,160000000,Quận Tân Phú
1186,10.786392,106.6414589,120000000,Quận Tân Phú
1187,10.7867468,106.6369826,160000000,Quận Tân Phú
1188,10.779327,106.6356445,160000000,Quận Tân Phú
1189,10.8115996,106.6288701,94000000,Quận Tân Phú
1190,10.7761348,106.6421585,105000000,Quận Tân Phú
1191,10.7797381,106.6356954,160000000,Quận Tân Phú
1192,10.781991,106.629019,147000000,Quận Tân Phú
1193,10.7745738,106.6234086,128000000,Quận Tân Phú
1194,10.7839449,106.622433,147000000,Quận Tân Phú
1195,10.7972032,106.6455313,135000000,Quận Tân Phú
1196,10.8078686,106.6191025,90000000,Quận Tân Phú
1197,10.7765105,106.6272118,128000000,Quận Tân Phú
1198,10.7839182,106.6309033,136000000,Quận Tân Phú
1199,10.8138149,106.6320374,135000000,Quận Tân Phú
1200,10.7820257,106.6198881,96000000,Quận Tân Phú
1201,10.8024814,106.6265188,104000000,Quận Tân Phú
1202,10.7947144,106.6147691,96000000,Quận Tân Phú
1203,10.7770976,106.6391853,100000000,Quận Tân Phú
1204,10.7360985,106.6135916,129800000,Quận Bình Tân
1205,10.7409989,106.6168079,90800000,Quận Bình Tân
1206,10.7355641,106.6133881,90800000,Quận Bình Tân
1207,10.7607647,106.592914,63100000,Quận Bình Tân
1208,10.8186586,106.5856602,64800000,Quận Bình Tân
1209,10.7358279,106.6140491,129800000,Quận Bình Tân
1210,10.7427732,106.6206456,90800000,Quận Bình Tân
1211,10.766744,106.5998966,83800000,Quận Bình Tân
1212,10.7646751,106.618907,79900000,Quận Bình Tân
1213,10.7447335,106.6222223,90800000,Quận Bình Tân
1214,10.818893,106.601495,63100000,Quận Bình Tân
1215,10.726218,106.592741,67700000,Quận Bình Tân
1216,10.7443132,106.6222203,90800000,Quận Bình Tân
1217,10.7977006,106.5969198,63100000,Quận Bình Tân
1218,10.825906,106.597775,35000000,Quận Bình Tân
1219,10.7874563,106.5984971,95200000,Quận Bình Tân
1220,10.7668046,106.6077406,83800000,Quận Bình Tân
1221,10.7513582,106.6221547,35000000,Quận Bình Tân
1222,10.7710325,106.589026,42000000,Quận Bình Tân
1223,10.7569059,106.5857876,58200000,Quận Bình Tân
1224,10.807005,106.5989508,63100000,Quận Bình Tân
1225,10.756199,106.625242,78400000,Quận Bình Tân
1226,10.7715885,106.5903138,63100000,Quận Bình Tân
1227,10.7817966,106.5936272,63100000,Quận Bình Tân
1228,10.755832,106.605175,78400000,Quận Bình Tân
1229,10.7583686,106.6163526,78400000,Quận Bình Tân
1230,10.7563818,106.5920371,78400000,Quận Bình Tân
1231,10.7738478,106.6212097,100800000,Quận Bình Tân
1232,10.8131112,106.6070038,108000000,Quận Bình Tân
1233,10.7744087,106.6080409,100800000,Quận Bình Tân
1234,10.8127374,106.6006191,63100000,Quận Bình Tân
1235,10.7700379,106.6153733,83800000,Quận Bình Tân
1236,10.7725411,106.6215777,95200000,Quận Bình Tân
1237,10.7569807,106.5858727,78400000,Quận Bình Tân
1238,10.7920074,106.6056223,95200000,Quận Bình Tân
1239,10.7384288,106.6146252,129800000,Quận Bình Tân
1240,10.8241121,106.6041153,63100000,Quận Bình Tân
1241,10.852361,106.7525798,80000000,TP Thủ Đức
1242,10.8469106,106.751664,177000000,TP Thủ Đức
1243,10.8509734,106.7558476,199000000,TP Thủ Đức
1244,10.8470497,106.7571588,80000000,TP Thủ Đức
1245,10.8581361,106.7585556,177000000,TP Thủ Đức
1246,10.8668476,106.7884799,58000000,TP Thủ Đức
1247,10.8703088,106.7784526,63000000,TP Thủ Đức
1248,10.8275284,106.7615286,80000000,TP Thủ Đức
1249,10.8400858,106.7162539,64000000,TP Thủ Đức
1250,10.858021,106.758007,177000000,TP Thủ Đức
1251,10.8545939,106.7204072,64000000,TP Thủ Đức
1252,10.8498448,106.7189916,64000000,TP Thủ Đức
1253,10.8319941,106.726706,41000000,TP Thủ Đức
1254,10.8314397,106.726078,41000000,TP Thủ Đức
1255,10.8254253,106.7146042,64000000,TP Thủ Đức
1256,10.8718291,106.7373004,64000000,TP Thủ Đức
1257,10.8678305,106.7280847,64000000,TP Thủ Đức
1258,10.86128,106.7932287,72000000,TP Thủ Đức
1259,10.837834,106.742296,177000000,TP Thủ Đức
1260,10.849847,106.767376,199000000,TP Thủ Đức
1261,10.8677762,106.7293724,63000000,TP Thủ Đức
1262,10.8459303,106.7182316,64000000,TP Thủ Đức
1263,10.8726274,106.7434482,63000000,TP Thủ Đức
1264,10.8723214,106.7379846,63000000,TP Thủ Đức
1265,10.8384931,106.7165214,64000000,TP Thủ Đức
1266,10.8792647,106.730262,60000000,TP Thủ Đức
1267,10.8660732,106.7389319,60000000,TP Thủ Đức
1268,10.85122,106.7199502,64000000,TP Thủ Đức
1269,10.8837441,106.7289435,60000000,TP Thủ Đức
1270,10.87395,106.747987,63000000,TP Thủ Đức
1271,10.885009,106.7718223,64000000,TP Thủ Đức
1272,10.871212,106.77115,55000000,TP Thủ Đức
1273,10.880879,106.768703,64000000,TP Thủ Đức
1274,10.8405349,106.743356,115000000,TP Thủ Đức
1275,10.8487694,106.7183052,64000000,TP Thủ Đức
1276,10.8644079,106.7615433,177000000,TP Thủ Đức
1277,10.8606793,106.7536409,110000000,TP Thủ Đức